Philips 223V5LSB;328.57 PLN;12;http://www.smartbay.pl//ceny/14184687-philips_223v5lsb.html
Asus MX239H;799.00 PLN;12;http://www.smartbay.pl//ceny/9856600-asus_mx239h.html
Asus VS197DE;277.07 PLN;11;http://www.smartbay.pl//ceny/10861217-asus_vs197de.html
Philips Monitor 203V5LSB26 /10;303.28 PLN;10;http://www.smartbay.pl//ceny/12442201-philips_monitor_203v5lsb26_10.html
Philips 246V5LHAB;494.13 PLN;10;http://www.smartbay.pl//ceny/11951373-philips_246v5lhab.html
Philips 246V5LSB;472.50 PLN;10;http://www.smartbay.pl//ceny/12203383-philips_246v5lsb.html
Dell U2412M;853.87 PLN;12;http://www.smartbay.pl//ceny/4103523-dell_u2412m.html
Philips Monitor 193V5LSB2 10;277.07 PLN;11;http://www.smartbay.pl//ceny/11612947-philips_monitor_193v5lsb2_10.html
Philips 226V4LAB00;397.77 PLN;10;http://www.smartbay.pl//ceny/9185018-philips_226v4lab00.html
Asus VE228TR;454.00 PLN;10;http://www.smartbay.pl//ceny/8047458-asus_ve228tr.html
Asus  VK248H;655.20 PLN;10;http://www.smartbay.pl//ceny/7664082-asus__vk248h.html
Philips 273V5LHAB;656.00 PLN;9;http://www.smartbay.pl//ceny/12700008-philips_273v5lhab.html
BenQ BL702A;355.00 PLN;10;http://www.smartbay.pl//ceny/12513904-benq_bl702a.html
Asus Monitor VS228NE;408.00 PLN;9;http://www.smartbay.pl//ceny/12722927-asus_monitor_vs228ne.html
BenQ 24GL2460HM;472.77 PLN;9;http://www.smartbay.pl//ceny/13113241-benq_24gl2460hm.html
AOC e2270Swn;342.51 PLN;8;http://www.smartbay.pl//ceny/12706672-aoc_e2270swn.html
Asus Monitor Vs278H;711.20 PLN;9;http://www.smartbay.pl//ceny/14157398-asus_monitor_vs278h.html
AOC e970Swn;289.48 PLN;8;http://www.smartbay.pl//ceny/14184707-aoc_e970swn.html
BenQ GL2450;476.00 PLN;9;http://www.smartbay.pl//ceny/4739838-benq_gl2450.html
Dell UltraSharp U2414H;939.00 PLN;9;http://www.smartbay.pl//ceny/12877516-dell_ultrasharp_u2414h.html
Asus VS228DE;388.00 PLN;8;http://www.smartbay.pl//ceny/13708148-asus_vs228de.html
AOC i2369Vm;535.81 PLN;8;http://www.smartbay.pl//ceny/13037542-aoc_i2369vm.html
BenQ GL2250;369.77 PLN;10;http://www.smartbay.pl//ceny/5240560-benq_gl2250.html
Asus MX279H;1258.46 PLN;7;http://www.smartbay.pl//ceny/9238101-asus_mx279h.html
Hewlett-Packard EliteDisplay E201 C9V73AA;612.95 PLN;9;http://www.smartbay.pl//ceny/13148359-hewlett-packard_elitedisplay_e201_c9v73aa.html
Acer  G246HYLbid;679.00 PLN;6;http://www.smartbay.pl//ceny/14438606-acer__g246hylbid.html
Philips Monitor 243V5LSB;464.36 PLN;8;http://www.smartbay.pl//ceny/12739194-philips_monitor_243v5lsb.html
Asus VS247NR;526.00 PLN;7;http://www.smartbay.pl//ceny/12757000-asus_vs247nr.html
Asus VS228HR;483.00 PLN;8;http://www.smartbay.pl//ceny/12604686-asus_vs228hr.html
BenQ GL2450HM;529.00 PLN;8;http://www.smartbay.pl//ceny/4739834-benq_gl2450hm.html
Nec MS EA244WMi;1390.00 PLN;9;http://www.smartbay.pl//ceny/10797619-nec_ms_ea244wmi.html
Asus VG248QE;1237.99 PLN;8;http://www.smartbay.pl//ceny/13812696-asus_vg248qe.html
Dell S2240L Monitor;437.75 PLN;8;http://www.smartbay.pl//ceny/9210958-dell_s2240l_monitor.html